[
  {
    "name" : "Cистем лог",
    "schema" : "{\"model\":\"ds_crud_log\",\"isView\":true,\"identity\":\"id\",\"actions\":[\"e\",\"d\"],\"actionPosition\":0,\"isContextMenu\":false,\"staticWidth\":false,\"fullWidth\":false,\"hasCheckbox\":false,\"isClient\":false,\"width\":0,\"sort\":\"id\",\"sortOrder\":\"desc\",\"softDelete\":false,\"paging\":50,\"template\":1,\"schema\":[{\"model\":\"id\",\"title\":\"id\",\"dbType\":\"int\",\"table\":\"ds_crud_log\",\"key\":\"\",\"extra\":\"\",\"label\":\"\",\"gridType\":\"Text\",\"width\":200,\"hide\":true,\"sortable\":false,\"printable\":false,\"pinned\":false,\"pinPosition\":\"left\",\"link\":\"\",\"linkTarget\":\"_self\",\"relation\":{\"table\":null,\"key\":null,\"fields\":[],\"sortField\":null,\"sortOrder\":\"asc\",\"multiple\":false,\"filter\":\"\",\"parentFieldOfForm\":\"\",\"parentFieldOfTable\":\"\"},\"filterable\":false,\"filter\":{\"type\":null,\"param\":null,\"paramCompareType\":\"contain\",\"showSideFilter\":true,\"default\":null,\"relation\":{\"table\":null,\"key\":null,\"fields\":[],\"sortField\":null,\"sortOrder\":\"asc\"}},\"editable\":{\"status\":false,\"type\":\"text\",\"shouldUpdate\":false,\"shouldPost\":false},\"searchable\":false,\"hasTranslation\":false,\"options\":[]},{\"model\":\"name\",\"title\":\"name\",\"dbType\":\"varchar(255)\",\"table\":\"ds_crud_log\",\"key\":\"\",\"extra\":\"\",\"label\":\"Маягт\",\"gridType\":\"Text\",\"width\":200,\"hide\":false,\"sortable\":false,\"printable\":false,\"pinned\":false,\"pinPosition\":\"left\",\"link\":\"\",\"linkTarget\":\"_self\",\"relation\":{\"table\":null,\"key\":null,\"fields\":[],\"sortField\":null,\"sortOrder\":\"asc\",\"multiple\":false,\"filter\":\"\",\"parentFieldOfForm\":\"\",\"parentFieldOfTable\":\"\"},\"filterable\":false,\"filter\":{\"type\":null,\"param\":null,\"paramCompareType\":\"contain\",\"showSideFilter\":true,\"default\":null,\"relation\":{\"table\":null,\"key\":null,\"fields\":[],\"sortField\":null,\"sortOrder\":\"asc\"}},\"editable\":{\"status\":false,\"type\":\"text\",\"shouldUpdate\":false,\"shouldPost\":false},\"searchable\":false,\"hasTranslation\":false,\"options\":[]},{\"model\":\"last_name\",\"title\":\"last_name\",\"dbType\":\"varchar(255)\",\"table\":\"ds_crud_log\",\"key\":\"\",\"extra\":\"\",\"label\":\"Хэрэглэгчийн овог\",\"gridType\":\"Text\",\"width\":200,\"hide\":false,\"sortable\":false,\"printable\":false,\"pinned\":false,\"pinPosition\":\"left\",\"link\":\"\",\"linkTarget\":\"_self\",\"relation\":{\"table\":null,\"key\":null,\"fields\":[],\"sortField\":null,\"sortOrder\":\"asc\",\"multiple\":false,\"filter\":\"\",\"parentFieldOfForm\":\"\",\"parentFieldOfTable\":\"\"},\"filterable\":false,\"filter\":{\"type\":null,\"param\":null,\"paramCompareType\":\"contain\",\"showSideFilter\":true,\"default\":null,\"relation\":{\"table\":null,\"key\":null,\"fields\":[],\"sortField\":null,\"sortOrder\":\"asc\"}},\"editable\":{\"status\":false,\"type\":\"text\",\"shouldUpdate\":false,\"shouldPost\":false},\"searchable\":false,\"hasTranslation\":false,\"options\":[]},{\"model\":\"first_name\",\"title\":\"first_name\",\"dbType\":\"varchar(255)\",\"table\":\"ds_crud_log\",\"key\":\"\",\"extra\":\"\",\"label\":\"Хэрэглэгчийн нэр\",\"gridType\":\"Text\",\"width\":200,\"hide\":false,\"sortable\":false,\"printable\":false,\"pinned\":false,\"pinPosition\":\"left\",\"link\":\"\",\"linkTarget\":\"_self\",\"relation\":{\"table\":null,\"key\":null,\"fields\":[],\"sortField\":null,\"sortOrder\":\"asc\",\"multiple\":false,\"filter\":\"\",\"parentFieldOfForm\":\"\",\"parentFieldOfTable\":\"\"},\"filterable\":false,\"filter\":{\"type\":null,\"param\":null,\"paramCompareType\":\"contain\",\"showSideFilter\":true,\"default\":null,\"relation\":{\"table\":null,\"key\":null,\"fields\":[],\"sortField\":null,\"sortOrder\":\"asc\"}},\"editable\":{\"status\":false,\"type\":\"text\",\"shouldUpdate\":false,\"shouldPost\":false},\"searchable\":false,\"hasTranslation\":false,\"options\":[]},{\"model\":\"ip\",\"title\":\"ip\",\"dbType\":\"varchar(255)\",\"table\":\"ds_crud_log\",\"key\":\"\",\"extra\":\"\",\"label\":\"IP хаяг\",\"gridType\":\"Text\",\"width\":200,\"hide\":false,\"sortable\":false,\"printable\":false,\"pinned\":false,\"pinPosition\":\"left\",\"link\":\"\",\"linkTarget\":\"_self\",\"relation\":{\"table\":null,\"key\":null,\"fields\":[],\"sortField\":null,\"sortOrder\":\"asc\",\"multiple\":false,\"filter\":\"\",\"parentFieldOfForm\":\"\",\"parentFieldOfTable\":\"\"},\"filterable\":false,\"filter\":{\"type\":null,\"param\":null,\"paramCompareType\":\"contain\",\"showSideFilter\":true,\"default\":null,\"relation\":{\"table\":null,\"key\":null,\"fields\":[],\"sortField\":null,\"sortOrder\":\"asc\"}},\"editable\":{\"status\":false,\"type\":\"text\",\"shouldUpdate\":false,\"shouldPost\":false},\"searchable\":false,\"hasTranslation\":false,\"options\":[]},{\"model\":\"user_agent\",\"title\":\"user_agent\",\"dbType\":\"varchar(255)\",\"table\":\"ds_crud_log\",\"key\":\"\",\"extra\":\"\",\"label\":\"хэрэглэгчийн агент\",\"gridType\":\"Text\",\"width\":200,\"hide\":false,\"sortable\":false,\"printable\":false,\"pinned\":false,\"pinPosition\":\"left\",\"link\":\"\",\"linkTarget\":\"_self\",\"relation\":{\"table\":null,\"key\":null,\"fields\":[],\"sortField\":null,\"sortOrder\":\"asc\",\"multiple\":false,\"filter\":\"\",\"parentFieldOfForm\":\"\",\"parentFieldOfTable\":\"\"},\"filterable\":false,\"filter\":{\"type\":null,\"param\":null,\"paramCompareType\":\"contain\",\"showSideFilter\":true,\"default\":null,\"relation\":{\"table\":null,\"key\":null,\"fields\":[],\"sortField\":null,\"sortOrder\":\"asc\"}},\"editable\":{\"status\":false,\"type\":\"text\",\"shouldUpdate\":false,\"shouldPost\":false},\"searchable\":false,\"hasTranslation\":false,\"options\":[]},{\"model\":\"action\",\"title\":\"action\",\"dbType\":\"varchar(255)\",\"table\":\"ds_crud_log\",\"key\":\"\",\"extra\":\"\",\"label\":\"Үйлдэл\",\"gridType\":\"Text\",\"width\":200,\"hide\":false,\"sortable\":false,\"printable\":false,\"pinned\":false,\"pinPosition\":\"left\",\"link\":\"\",\"linkTarget\":\"_self\",\"relation\":{\"table\":null,\"key\":null,\"fields\":[],\"sortField\":null,\"sortOrder\":\"asc\",\"multiple\":false,\"filter\":\"\",\"parentFieldOfForm\":\"\",\"parentFieldOfTable\":\"\"},\"filterable\":false,\"filter\":{\"type\":null,\"param\":null,\"paramCompareType\":\"contain\",\"showSideFilter\":true,\"default\":null,\"relation\":{\"table\":null,\"key\":null,\"fields\":[],\"sortField\":null,\"sortOrder\":\"asc\"}},\"editable\":{\"status\":false,\"type\":\"text\",\"shouldUpdate\":false,\"shouldPost\":false},\"searchable\":false,\"hasTranslation\":false,\"options\":[]},{\"model\":\"row_id\",\"title\":\"row_id\",\"dbType\":\"varchar(255)\",\"table\":\"ds_crud_log\",\"key\":\"\",\"extra\":\"\",\"label\":\"бүртгэлийн ID\",\"gridType\":\"Text\",\"width\":200,\"hide\":false,\"sortable\":false,\"printable\":false,\"pinned\":false,\"pinPosition\":\"left\",\"link\":\"\",\"linkTarget\":\"_self\",\"relation\":{\"table\":null,\"key\":null,\"fields\":[],\"sortField\":null,\"sortOrder\":\"asc\",\"multiple\":false,\"filter\":\"\",\"parentFieldOfForm\":\"\",\"parentFieldOfTable\":\"\"},\"filterable\":false,\"filter\":{\"type\":null,\"param\":null,\"paramCompareType\":\"contain\",\"showSideFilter\":true,\"default\":null,\"relation\":{\"table\":null,\"key\":null,\"fields\":[],\"sortField\":null,\"sortOrder\":\"asc\"}},\"editable\":{\"status\":false,\"type\":\"text\",\"shouldUpdate\":false,\"shouldPost\":false},\"searchable\":false,\"hasTranslation\":false,\"options\":[]},{\"model\":\"input\",\"title\":\"input\",\"dbType\":\"text\",\"table\":\"ds_crud_log\",\"key\":\"\",\"extra\":\"\",\"label\":\"Оролтын мэдээлэл\",\"gridType\":\"Text\",\"width\":200,\"hide\":false,\"sortable\":false,\"printable\":false,\"pinned\":false,\"pinPosition\":\"left\",\"link\":\"\",\"linkTarget\":\"_self\",\"relation\":{\"table\":null,\"key\":null,\"fields\":[],\"sortField\":null,\"sortOrder\":\"asc\",\"multiple\":false,\"filter\":\"\",\"parentFieldOfForm\":\"\",\"parentFieldOfTable\":\"\"},\"filterable\":false,\"filter\":{\"type\":null,\"param\":null,\"paramCompareType\":\"contain\",\"showSideFilter\":true,\"default\":null,\"relation\":{\"table\":null,\"key\":null,\"fields\":[],\"sortField\":null,\"sortOrder\":\"asc\"}},\"editable\":{\"status\":false,\"type\":\"text\",\"shouldUpdate\":false,\"shouldPost\":false},\"searchable\":false,\"hasTranslation\":false,\"options\":[]},{\"model\":\"created_at\",\"title\":\"created_at\",\"dbType\":\"datetimeoffset\",\"table\":\"ds_crud_log\",\"key\":\"\",\"extra\":\"\",\"label\":\"Огноо\",\"gridType\":\"Text\",\"width\":200,\"hide\":false,\"sortable\":false,\"printable\":false,\"pinned\":false,\"pinPosition\":\"left\",\"link\":\"\",\"linkTarget\":\"_self\",\"relation\":{\"table\":null,\"key\":null,\"fields\":[],\"sortField\":null,\"sortOrder\":\"asc\",\"multiple\":false,\"filter\":\"\",\"parentFieldOfForm\":\"\",\"parentFieldOfTable\":\"\"},\"filterable\":false,\"filter\":{\"type\":null,\"param\":null,\"paramCompareType\":\"contain\",\"showSideFilter\":true,\"default\":null,\"relation\":{\"table\":null,\"key\":null,\"fields\":[],\"sortField\":null,\"sortOrder\":\"asc\"}},\"editable\":{\"status\":false,\"type\":\"text\",\"shouldUpdate\":false,\"shouldPost\":false},\"searchable\":false,\"hasTranslation\":false,\"options\":[]},{\"model\":\"user_id\",\"title\":\"user_id\",\"dbType\":\"bigint\",\"table\":\"ds_crud_log\",\"key\":\"\",\"extra\":\"\",\"label\":\"\",\"gridType\":\"Text\",\"width\":200,\"hide\":true,\"sortable\":false,\"printable\":false,\"pinned\":false,\"pinPosition\":\"left\",\"link\":\"\",\"linkTarget\":\"_self\",\"relation\":{\"table\":null,\"key\":null,\"fields\":[],\"sortField\":null,\"sortOrder\":\"asc\",\"multiple\":false,\"filter\":\"\",\"parentFieldOfForm\":\"\",\"parentFieldOfTable\":\"\"},\"filterable\":true,\"filter\":{\"type\":\"Select\",\"param\":null,\"paramCompareType\":\"contain\",\"showSideFilter\":true,\"default\":null,\"relation\":{\"table\":\"users\",\"key\":\"id\",\"fields\":[\"last_name\",\"first_name\"],\"sortField\":\"last_name\",\"sortOrder\":\"asc\"},\"label\":\"Хэрэглэгч\"},\"editable\":{\"status\":false,\"type\":\"text\",\"shouldUpdate\":false,\"shouldPost\":false},\"searchable\":false,\"hasTranslation\":false,\"options\":[]},{\"model\":\"schemaId\",\"title\":\"schemaId\",\"dbType\":\"bigint\",\"table\":\"ds_crud_log\",\"key\":\"\",\"extra\":\"\",\"label\":\"\",\"gridType\":\"Text\",\"width\":200,\"hide\":true,\"sortable\":false,\"printable\":false,\"pinned\":false,\"pinPosition\":\"left\",\"link\":\"\",\"linkTarget\":\"_self\",\"relation\":{\"table\":null,\"key\":null,\"fields\":[],\"sortField\":null,\"sortOrder\":\"asc\",\"multiple\":false,\"filter\":\"\",\"parentFieldOfForm\":\"\",\"parentFieldOfTable\":\"\"},\"filterable\":true,\"filter\":{\"type\":\"Select\",\"param\":null,\"paramCompareType\":\"contain\",\"showSideFilter\":true,\"default\":null,\"relation\":{\"table\":\"vb_schemas\",\"key\":\"name\",\"fields\":[\"id\"],\"sortField\":\"name\",\"sortOrder\":\"asc\",\"filter\":\"type = 'form'\"},\"label\":\"Маягт\"},\"editable\":{\"status\":false,\"type\":\"text\",\"shouldUpdate\":false,\"shouldPost\":false},\"searchable\":false,\"hasTranslation\":false,\"options\":[]},{\"model\":\"role\",\"title\":\"role\",\"dbType\":\"int\",\"table\":\"ds_crud_log\",\"key\":\"\",\"extra\":\"\",\"label\":\"\",\"gridType\":\"Text\",\"width\":200,\"hide\":true,\"sortable\":false,\"printable\":false,\"pinned\":false,\"pinPosition\":\"left\",\"link\":\"\",\"linkTarget\":\"_self\",\"relation\":{\"table\":null,\"key\":null,\"fields\":[],\"sortField\":null,\"sortOrder\":\"asc\",\"multiple\":false,\"filter\":\"\",\"parentFieldOfForm\":\"\",\"parentFieldOfTable\":\"\"},\"filterable\":false,\"filter\":{\"type\":null,\"param\":null,\"paramCompareType\":\"contain\",\"showSideFilter\":true,\"default\":null,\"relation\":{\"table\":null,\"key\":null,\"fields\":[],\"sortField\":null,\"sortOrder\":\"asc\"}},\"editable\":{\"status\":false,\"type\":\"text\",\"shouldUpdate\":false,\"shouldPost\":false},\"searchable\":false,\"hasTranslation\":false,\"options\":[]},{\"model\":\"login\",\"title\":\"login\",\"dbType\":\"varchar(255)\",\"table\":\"ds_crud_log\",\"key\":\"\",\"extra\":\"\",\"label\":\"\",\"gridType\":\"Text\",\"width\":200,\"hide\":true,\"sortable\":false,\"printable\":false,\"pinned\":false,\"pinPosition\":\"left\",\"link\":\"\",\"linkTarget\":\"_self\",\"relation\":{\"table\":null,\"key\":null,\"fields\":[],\"sortField\":null,\"sortOrder\":\"asc\",\"multiple\":false,\"filter\":\"\",\"parentFieldOfForm\":\"\",\"parentFieldOfTable\":\"\"},\"filterable\":false,\"filter\":{\"type\":null,\"param\":null,\"paramCompareType\":\"contain\",\"showSideFilter\":true,\"default\":null,\"relation\":{\"table\":null,\"key\":null,\"fields\":[],\"sortField\":null,\"sortOrder\":\"asc\"}},\"editable\":{\"status\":false,\"type\":\"text\",\"shouldUpdate\":false,\"shouldPost\":false},\"searchable\":false,\"hasTranslation\":false,\"options\":[]},{\"model\":\"email\",\"title\":\"email\",\"dbType\":\"varchar(255)\",\"table\":\"ds_crud_log\",\"key\":\"\",\"extra\":\"\",\"label\":\"\",\"gridType\":\"Text\",\"width\":200,\"hide\":true,\"sortable\":false,\"printable\":false,\"pinned\":false,\"pinPosition\":\"left\",\"link\":\"\",\"linkTarget\":\"_self\",\"relation\":{\"table\":null,\"key\":null,\"fields\":[],\"sortField\":null,\"sortOrder\":\"asc\",\"multiple\":false,\"filter\":\"\",\"parentFieldOfForm\":\"\",\"parentFieldOfTable\":\"\"},\"filterable\":false,\"filter\":{\"type\":null,\"param\":null,\"paramCompareType\":\"contain\",\"showSideFilter\":true,\"default\":null,\"relation\":{\"table\":null,\"key\":null,\"fields\":[],\"sortField\":null,\"sortOrder\":\"asc\"}},\"editable\":{\"status\":false,\"type\":\"text\",\"shouldUpdate\":false,\"shouldPost\":false},\"searchable\":false,\"hasTranslation\":false,\"options\":[]}],\"filter\":[],\"formula\":[],\"condition\":null,\"columnAggregations\":[],\"columnAggregationsFormula\":[],\"header\":{\"render\":false,\"preview\":false,\"structure\":[]},\"triggers\":{\"namespace\":\"\",\"beforeFetch\":\"\",\"afterFetch\":\"\",\"beforeDelete\":\"\",\"afterDelete\":\"\",\"beforePrint\":\"\"},\"theme\":\"normal\",\"fullText\":false,\"editableAction\":null,\"editFullRow\":false,\"editableShouldSubmit\":false,\"singleClickEdit\":true,\"flashChanges\":false,\"colMenu\":false,\"colFilterButton\":true,\"showGrid\":false,\"saveFilter\":false,\"sordOrder\":\"desc\",\"isPivot\":false,\"isPrint\":false,\"printSize\":\"A4\",\"isExcel\":false,\"isExcelUpload\":false,\"excelUploadSample\":null,\"isRefresh\":false,\"isNumbered\":false,\"autoSelect\":false,\"autoSelectModel\":null}",
    "type" : "grid"
  }
]
